Price Date,Our Price and Margin,,,,,,,DB Price,,,,RSS Price,,,,BTD    Aug-24,BTD    Sep-24,BTD    Apr-25,BTD May-25,BTD Jun-25,PRODUCT NAME HALDIRAM ,Plant Name,Product Code,CL. Stk.    18-Aug,on passage,Physical stock (Stock + in Transit),Product life in months,Balance Qty,Exp Month as on 02Aug,MRP,Scheme % on basic 5Aug to 31aug,Scheme % on basic 12Aug to 31aug,Pickup,Pickup,LPT 220CB,LPT 260CB,LPT 260CB,Purchase Qty,Closing qty
15-Jul-25,3.4504,12,432,1669.4415,2.1679,1.58,3.75,3.5798,12,432,1732.05,3.5252,12,432,1705.63,16,7,1,15,34,All In One MRP 5|17GM*7.344KG NGP,Central Ware House,FD012600170734400D,20,,20,5,-10,Nov-25,5,,,10,,,,,5,15
15-Jul-25,3.4504,12,384,1483.9480,2.1679,1.58,3.75,3.5798,12,384,1539.60,3.5252,12,384,1516.12,305,221,310,401,310,Aloo Bhujia MRP 5|20 GM*7.68 KG,Hariomkar,FD092100200768000D,156,48,204,5,-4,Nov-25,5,,,,,,,,2,158
15-Jul-25,3.4504,12,480,1854.9350,2.1679,1.58,3.75,3.5798,12,480,1924.50,3.5252,12,480,1895.15,976,1250,1294,1231,1086,Bhujia MRP 5| 17 GM*8.16 KG,Kasana-2,FD092200170816000D,387,,387,6,0,Dec-25,5,,,,10,,,,,377
15-Jul-25,3.4504,12,288,1112.9610,2.1679,1.58,3.75,3.5798,12,288,1154.70,3.5252,12,288,1137.09,266,137,468,280,318,Chana Jor Garam MRP 5|25 GM*7.2 KG NGP,Central Ware House,FD020400250720000D,87,,87,6,0,Jan-26,5,,,,,,,,,87
15-Jul-25,3.4504,12,432,1669.4415,2.1679,1.58,3.75,3.5798,12,432,1732.05,3.5252,12,432,1705.63,90,130,73,95,109,Chana Nuts MRP 5|20 GM*8.64 KG NGP,Central Ware House,FE020600200864000D,50,,50,5,0,Jan-26,5,,,,,,,,,50
15-Jul-25,3.4504,12,504,1947.6818,2.1679,1.58,3.75,3.5798,12,504,2020.73,3.5252,12,504,1989.90,3,12,52,5,27,Chatpata Dal MRP 5|22 GM*11.088 KG,Hariomkar,FD020700221108800D,25,,25,6,0,Dec-25,5,,,,,,,,,25
15-Jul-25,3.4504,12,576,2225.9220,2.1679,1.58,3.75,3.5798,12,576,2309.40,3.5252,12,576,2274.18,392,398,207,357,247,Chatpata Matar MRP 5|13GM*7.488KG NGP,Hariomkar,FE020800130748800D,170,24,194,6,0,Dec-25,5,,,,,,,,,170
15-Jul-25,3.4504,12,300,1159.3344,2.1679,1.58,3.75,3.5798,12,300,1202.81,3.5252,12,300,1184.47,,18,40,54,54,Falahari Chiwda MRP 5|18GM*5.4KG,Central Ware House,FD028500180540000D,41,72,113,5,0,Dec-25,5,,,,,,,,,41
19-Jul-25,3.4504,12,300,1159.3344,2.1679,1.58,3.75,3.5798,12,300,1202.81,3.5252,12,300,1184.47,88,53,52,80,104,Gathiya MRP 5|20 GM*6 KG NGP,Central Ware House,FD037400200600000D ,40,50,90,4,0,Nov-25,5,,,,,,,,,40
15-Jul-25,3.4504,12,336,1298.4545,2.1679,1.58,3.75,3.5798,12,336,1347.15,3.5252,12,336,1326.60,2610,2514,2400,3955,3584,Khatta Meetha MRP 5|27.5GM*9.24KG NGP,Central Ware House,FD045900280924000D,1096,810,1906,4,0,Nov-25,5,,,,,,,,,1096
15-Jul-25,3.4504,12,360,1391.2013,2.1679,1.58,3.75,3.5798,12,360,1443.38,3.5252,12,360,1421.36,12905,10745,11218,11839,9852,Lite Chiwda MRP 5|22GM*7.92KG NGP,Central Ware House,FD047900220792002D,476,1106,1582,4,0,Nov-25,5,,2,,,,,,,476
22-Jul-25,3.4504,12,240,927.4675,2.1679,1.58,3.75,3.5798,12,240,962.25,3.5252,12,240,947.57,6,1,,,9,Lite Cornflakes MRP 5| 20GM*4.8 KG,Central Ware House,FD584100200480000D,5,,5,4,0,Nov-25,5,,,,,,,,,5
30-Jul-25,3.4377,12,300,1155.0672,2.5453,1.59,4.13,3.5798,12,300,1202.81,3.5252,12,300,1184.47,10,7,19,,12,Lite Mix Chiwda MRP 5|20 GM*6 KG,Central Ware House,FD048200200600000D,,,0,4,0,,5,,,,,,,,,0
08-Aug-25,3.4504,12,480,1854.9350,2.1679,1.58,3.75,3.5798,12,480,1924.50,3.5252,12,480,1895.15,,,,,,Masala Peanut MRP 5|17GM*8.16KG NGP,,FE056100170816000D,,,0,,0,,5,,,,,,,,,0
15-Jul-25,3.4504,12,432,1669.4415,2.1679,1.58,3.75,3.5798,12,432,1732.05,3.5252,12,432,1705.63,35,43,71,59,44,Mixture MRP 5|22 GM*9.504 KG NGP,Central Ware House,FD059900220950400D,49,12,61,5,0,Dec-25,5,,,,,,,,,49
15-Jul-25,3.4504,12,564,2179.5487,2.1679,1.58,3.75,3.5798,12,564,2261.29,3.5252,12,564,2226.80,1983,1812,1803,2292,1791,Moong Dal MRP 5|17 GM*9.588 KG NGP,Hariomkar,FD060300170958800D,13,,13,7,0,,5,,,,,,,,,13
02-Aug-25,3.4504,12,576,2225.9220,2.1679,1.58,3.75,3.5798,12,576,2309.40,3.5252,12,576,2274.18,,,,,,Moong Dal MRP 5|17 Gm*9.792 Kg,Hariomkar,,709,1032,1741,7,0,Feb-26,5,,,,,,,,,709
19-Jul-25,3.4504,12,360,1391.2013,2.1679,1.58,3.75,3.5798,12,360,1443.38,3.5252,12,360,1421.36,,20,,,,Nutty Craze MRP 5|17 GM*6.12 KG,Central Ware House,FE025700170612000D,6,,6,5,0,Dec-25,5,,,,,,,,,6
16-Jul-25,3.4504,12,240,927.4675,2.1679,1.58,3.75,3.5798,12,240,962.25,3.5252,12,240,947.57,242,290,287,343,348,Papdi Gathiya MRP 5|20 GM*4.8 KG,Central Ware House,FD073700200480000D,147,24,171,4,0,Nov-25,5,,,,,,,,,147
15-Jul-25,3.4504,12,300,1159.3344,2.1679,1.58,3.75,3.5798,12,300,1202.81,3.5252,12,300,1184.47,4183,3937,4174,5435,5326,Punjabi Tadka MRP 5|22 GM*6.6 KG NGP,Hariomkar / Gaya,FD075200220660000D,18,,18,5,0,Dec-25,5,,2,,,,,,,18
08-Aug-25,3.4504,12,300,1159.3344,2.1679,1.59,3.76,3.5800,12,300,1202.88,3.5252,12,300,1184.47,,,,,,Punjabi Tadka 20 gm*6.00 KG,,FD075200200600000D,1018,,1018,4,0,Dec-25,5,,2,,,,,,,1018
15-Jul-25,3.4504,12,300,1159.3344,2.1679,1.58,3.75,3.5798,12,300,1202.81,3.5252,12,300,1184.47,2,7,8,-,-,Ratlami Sev MRP 5|22GM*6.6KG,-,FD076600220660000D,34,,34,5,0,Dec-25,5,,,,,,,,,34
15-Jul-25,3.6804,5,432,1669.4294,2.1682,1.58,3.75,3.8184,5,432,1732.03,3.7602,5,432,1705.63,603,587,781,561,622,Roasted Chana MRP 5|20 GM*8.64 KG,Central Ware House,FE077300200864000D,259,80,339,6,0,Jan-26,5,,,,,,,,,259
15-Jul-25,3.4504,12,480,1854.9350,2.1679,1.58,3.75,3.5798,12,480,1924.50,3.5252,12,480,1895.15,1535,1813,1930,1745,1543,Salted Peanut MRP 5|16GM*7.68KG NGP,Central Ware House,FE081200160768000D,1293,198,1491,4,0,Nov-25,5,,2,,,,,,,1293
15-Jul-25,3.4504,12,192,741.9740,2.1679,1.58,3.75,3.5798,12,192,769.80,3.5252,12,192,758.06,2576,2402,3272,3703,3478,Sev Murmura MRP 5|27.5 GM*5.28KG,Hariomkar,FD050200280528000D,1620,320,1940,4,0,Nov-25,5,,,,,,,,,1620
15-Jul-25,3.4504,12,240,927.4675,2.1679,1.58,3.75,3.5798,12,240,962.25,3.5252,12,240,947.57,1755,1842,1349,372,561,Soya Chips MRP 5|20 GM*4.8 KG NGP,Hariomkar,FD084100200480000D,9,,9,5,0,Dec-25,5,,,,,,,,,9
15-Jul-25,3.4504,12,240,927.4675,2.1679,1.58,3.75,3.5798,12,240,962.25,3.5252,12,240,947.57,2265,2224,2124,2976,2720,Soya Sticks MRP 5|20 GM*4.8 KG NGP,Hariomkar,FD084200200480000D,262,,262,5,0,Dec-25,5,,,,,,,,,262
15-Jul-25,3.4504,12,432,1669.4415,2.1679,1.58,3.75,3.5798,12,432,1732.05,3.5252,12,432,1705.63,1761,,2138,2498,2020,Tasty Nuts MRP 5|18GM*7.776KG NGP,Central Ware House,FE089200180777600D,979,90,1069,5,0,Dec-25,5,,2,,,,,,,979
08-Aug-25,3.4504,12,336,1298.4545,2.1679,1.58,3.75,3.5798,12,336,1347.15,3.5252,12,336,1326.60,,10,,,,Teekha Meetha 22 GM*7.392 KG,Central Ware House,FD089300220739200D,1,,1,5,0,Dec-25,5,,,,,,,,,1
15-Jul-25,6.9391,12,240,1865.2301,2.1689,1.58,3.75,7.1993,12,240,1935.17,7.0896,12,240,1905.68,7,,14,16,24,All In One 36 GM *8.6KG NGP,Central Ware House,FD012600360864000D,34,,34,5,0,Nov-25,10,,,,,,,,,34
15-Jul-25,6.9391,12,252,1958.4916,2.1689,1.58,3.75,7.1993,12,252,2031.93,7.0896,12,252,2000.97,58,61,61,74,62,Aloo Bhujia MRP 10|42 GM*10.584 KG,Hariomkar,FD092100421058400D,17,24,41,5,0,Nov-25,10,3,,,,,,,,17
15-Jul-25,6.9391,12,264,2051.7531,2.1689,1.58,3.75,7.1993,12,264,2128.69,7.0896,12,264,2096.25,240,122,203,229,210,Bhujia 35 GM*9.24 KG NGP,Kasana-2,FD092200350924001D,163,48,211,6,0,Dec-25,10,3,,,,,,,,163
29-Jul-25,6.9391,12,180,1398.9226,2.1689,1.58,3.75,7.1993,12,180,1451.38,7.0896,12,180,1429.26,1,2,1,,-,Chana Jor Garam MRP 10|50 GM*9 KG NGP,Central Ware House,FFD020400500900000D,5,,5,6,0,Jan-26,10,3,,,,,,,,5
15-Jul-25,6.9391,12,384,2984.3681,2.1689,1.58,3.75,7.1993,12,384,3096.27,7.0896,12,384,3049.10,7,1,4,-,5,Chatpata Matar MRP 10|30GM*11.52KG NGP,Hariomkar,FE020800301152000D,16,,16,6,0,Dec-25,10,3,,,,,,,,16
22-Jul-25,6.9391,12,240,1865.2301,2.1689,1.58,3.75,7.1993,12,240,1935.17,7.0896,12,240,1905.68,5,13,1,,-,Cornflakes Mixture MRP 10|25 GM*6 KG NGP,Central Ware House,FD025500250600000D,19,,19,5,0,Dec-25,10,,,,,,,,,19
29-Jul-25,6.9391,12,240,1865.2301,2.1689,1.58,3.75,7.1993,12,240,1935.17,7.0896,12,240,1905.68,,,,,,Falahari Chiwda MRP 10|40GM*9.6KG,Central Ware House,FD028500400960000D,7,,7,5,0,Dec-25,10,,,,,,,,,7
16-Jul-25,6.9391,12,204,1585.4456,2.1689,1.58,3.75,7.1993,12,204,1644.90,7.0896,12,204,1619.83,342,356,292,287,292,Instant Bhel MRP 10|44 GM*8.976 KG,Central Ware House,FD040800440897600D,108,84,192,5,0,Dec-25,10,,,,,,,,,108
15-Jul-25,6.9391,12,240,1865.2301,2.1689,1.58,3.75,7.1993,12,240,1935.17,7.0896,12,240,1905.68,41,32,48,60,47,Khatta Meetha MRP 10|50 GM*12 KG NGP,Central Ware House,FD045900501200000D,49,,49,4,0,Aug-25,10,3,,,,,,,,49
15-Jul-25,6.9391,12,180,1398.9226,2.1689,1.58,3.75,7.1993,12,180,1451.38,7.0896,12,180,1429.26,569,497,997,1048,817,Lite Chiwda MRP 10|45GM*8.1KG,Central Ware House,FD047900450810000D,483,200,683,4,0,Nov-25,10,3,,,,,,,,483
08-Aug-25,6.9391,12,300,2331.5376,2.1689,1.58,3.75,7.1993,12,300,2418.96,7.0896,12,300,2382.11,,,,,,Masala Peanut MRP 10|38 GM*11.4 KG,,FE056100381140000D,,,0,,0,,10,3,,,,,,,,0
15-Jul-25,6.9391,12,240,1865.2301,2.1689,1.58,3.75,7.1993,12,240,1935.17,7.0896,12,240,1905.68,12,9,25,25,24,Mini Bhakharwadi MRP 10|35 GM*8.4 KG,Central Ware House,FD058800350840000D,20,,20,5,0,Dec-25,10,,,,,,,,,20
16-Jul-25,6.9391,12,144,1119.1380,2.1689,1.58,3.75,7.1993,12,144,1161.10,7.0896,12,144,1143.41,252,282,501,642,559,Mini Punjabi Papad MRP10|25GM*3.6KG NGP,Central Ware House,FD059100250360000D,225,,225,4,0,Nov-25,10,3,,,,,,,,225
15-Jul-25,6.9391,12,240,1865.2301,2.1689,1.58,3.75,7.1993,12,240,1935.17,7.0896,12,240,1905.68,24,45,49,59,19,Mixture MRP 10|48 GM*11.52 KG NGP,Central Ware House,FD059900481152000D,50,,50,5,0,Dec-25,10,,,,,,,,,50
18-Jul-25,6.9391,12,336,2611.3221,2.1689,1.58,3.75,7.1993,12,336,2709.24,7.0896,12,336,2667.96,103,123,119,127,26,Moong Dal MRP 10|35 GM*11.76 KG NGP,Hariomkar,FD060300351176000D,99,,99,7,0,Jan-26,10,,,,,,,,,99
16-Jul-25,6.9391,12,240,1865.2301,2.1689,1.58,3.75,7.1993,12,240,1935.17,7.0896,12,240,1905.68,11,8,,10,21,Navratan Mix MRP 10|30GM*7.2KG NGP,Central Ware House,FD061700300720000D,9,,9,12,0,Jul-26,10,,,,,,,,,9
15-Jul-25,6.9391,12,300,2331.5376,2.1689,1.58,3.75,7.1993,12,300,2418.96,7.0896,12,300,2382.11,227,184,220,631,374,Panchrattan MRP 10|25 GM*7.5 KG NGP,Central Ware House,FD063100250750001D,172,120,292,4,0,Nov-25,10,,,,,,,,,172
15-Jul-25,6.9391,12,156,1212.3996,2.1689,1.58,3.75,7.1993,12,156,1257.86,7.0896,12,156,1238.69,162,65,202,210,60,Papad Chavanu MRP 10|45GM*7.02KG,Central Ware House,FD063800450702000D,325,,325,5,0,Dec-25,10,,,,,,,,,325
15-Jul-25,6.9391,12,144,1119.1380,2.1689,1.58,3.75,7.1993,12,144,1161.10,7.0896,12,144,1143.41,1,9,4,51,9,Papdi Gathiya MRP 10|42 GM*6.048 KG,Central Ware House,FD073700420604800D,,,0,4,0,Dec-25,10,,,,,,,,,0
15-Jul-25,6.9391,12,204,1585.4456,2.1689,1.58,3.75,7.1993,12,204,1644.90,7.0896,12,204,1619.83,81,98,49,114,64,Punjabi Tadka MRP 10|45GM*9.18KG,Hariomkar / Gaya,FD075200450918000D,14,18,32,12,0,Jul-26,10,3,,,,,,,,14
,,,,,,,,,,,,,,,,,,,,,Ratlami Sev MRP 10|45GM*10.26KG,,,2,,2,,0,Dec-25,10,,,,,,,,,2
,,,,0.0000,,,,,,,,,,,0.00,-,,1,-,-,Rice Coduble MRP 10|30 GM*7.2 KG NGP,-,FD077100300720000D,,,0,4,0,,10,,,,,,,,,0
15-Jul-25,7.4017,5,240,1865.2284,2.1684,1.58,3.75,7.6793,5,240,1935.18,7.5622,5,240,1905.67,3,5,,-,12,Roasted Chana MRP 10|42 GM*10.08 KG,Central Ware House,FE077300421008000D,15,,15,6,0,Jan-26,10,3,,,,,,,,15
15-Jul-25,6.9391,12,300,2331.5376,2.1689,1.58,3.75,7.1993,12,300,2418.96,7.0896,12,300,2382.11,35,17,37,50,44,Roasted Crushed Peanut 35GM*10.5KG,Central Ware House,FE081200351050003D,40,,40,4,0,Nov-25,10,,,,,,,,,40
15-Jul-25,6.9391,12,300,2331.5376,2.1689,1.58,3.75,7.1993,12,300,2418.96,7.0896,12,300,2382.11,99,85,36,123,53,Salted Peanut MRP 10|34GM*10.2KG NGP,Central Ware House,FE081200341020002D,57,36,93,4,0,Nov-25,10,3,,,,,,,,57
15-Jul-25,6.9391,12,108,839.3535,2.1689,1.58,3.75,7.1993,12,108,870.83,7.0896,12,108,857.56,,,31,-,-,Sev Murmura MRP 10|60.5GM*6.534KG,Hariomkar,FD050200610653400D,,,0,4,0,,10,,,,,,,,,0
08-Aug-25,6.9391,12,144,1119.1380,2.1718,1.58,3.75,7.1993,12,144,1161.10,7.0898,12,144,1143.44,5,7,1,,-,Soya Chips MRP 10|45 GM*6.48 KG NGP,Hariomkar,FD084100450810000D,47,,47,5,0,Dec-25,10,,,,,,,,,47
15-Jul-25,6.9391,12,144,1119.1380,2.1689,1.58,3.75,7.1993,12,144,1161.10,7.0896,12,144,1143.41,24,4,,32,92,Soya Sticks MRP 10|42 GM*6.048 KG NGP,Hariomkar,FD084200420604800D,29,,29,5,0,Nov-25,10,3,,,,,,,,29
15-Jul-25,6.9391,12,240,1865.2301,2.1689,1.58,3.75,7.1993,12,240,1935.17,7.0896,12,240,1905.68,59,76,65,65,74,Tasty Nuts MRP 10|38GM*9.12KG NGP,Central Ware House,FE089200380912000D,46,,46,5,0,Dec-25,10,3,,,,,,,,46
15-Jul-25,41.7351,12,60,2804.5987,1.9228,1.58,3.50,43.1958,12,60,2902.76,42.5376,12,60,2858.53,13,8,19,14,15,All In One 200 GM*12 KG NGP,Central Ware House,FD012602001200000D,39,,39,6,0,Dec-25,60,3,,,,,,,,39
15-Jul-25,79.9922,12,30,2687.7379,1.9231,1.58,3.50,82.7919,12,30,2781.81,81.5305,12,30,2739.42,33,25,25,34,24,All In One 400 GM*12 KG NGP,Central Ware House,FD012604001200001D,33,,33,6,0,Dec-25,115,3,,,,,,,,33
15-Jul-25,38.2571,12,50,2142.3976,1.9233,1.58,3.50,39.5961,12,50,2217.38,38.9929,12,50,2183.60,20,38,39,41,19,Aloo Bhujia 200 GM*10 KG,Hariomkar,FD092102001000000D,31,,31,6,0,Dec-25,55,,,,,,,,,31
18-Jul-25,69.5584,12,31,2415.0676,1.9233,1.58,3.50,71.9930,12,31,2499.60,70.8962,12,31,2461.52,72,28,33,48,15,Aloo Bhujia 400 GM*12.4 KG NGP,Hariomkar,FD092104001240000D,55,,55,6,0,Dec-25,100,,,,,,,,,55
15-Jul-25,41.7351,12,60,2804.5987,1.9228,1.58,3.50,43.1958,12,60,2902.76,42.5376,12,60,2858.53,199,97,121,114,111,Bhujia 200 GM*12 KG NGP,Kasana-2,FD092202001200000D,112,,112,7,0,Jan-26,60,3,,,,,,,,112
15-Jul-25,83.4701,12,30,2804.5954,1.9232,1.58,3.50,86.3916,12,30,2902.76,85.0754,12,30,2858.53,366,252,241,290,200,Bhujia 400 GM*12 KG NGP,Kasana-2,FD092204001200000D,209,,209,12,0,Jun-26,120,3,,,,,,,,209
15-Jul-25,121.7273,12,20,2726.6915,1.9231,1.58,3.50,125.9877,12,20,2822.12,124.0682,12,20,2779.13,12,41,1,-,2,Bhujia 600 GM*12 KG NGP,Kasana-2,FD092206001200000D,,,0,7,0,,175,3,,,,,,,,0
15-Jul-25,201.7195,12,12,2711.1101,1.9231,1.58,3.50,208.7797,12,12,2806.00,205.5987,12,12,2763.25,369,271,239,338,236,Bhujia 1 KG*12 KG NGP,Kasana-2,FD092210001200002D,295,,295,7,0,Dec-25,290,3,,,,,,,,295
15-Jul-25,38.2571,12,50,2142.3976,1.9233,1.58,3.50,39.5961,12,50,2217.38,38.9929,12,50,2183.60,43,32,35,41,27,Khatta Meetha 200GM*10KG NGP,Central Ware House,FD045902001000000D,40,,40,4,0,Nov-25,55,3,,,,,,,,40
15-Jul-25,66.0805,12,30,2220.3048,1.9230,1.58,3.50,68.3933,12,30,2298.01,67.3512,12,30,2263.00,75,65,52,60,53,Khatta Meetha 400 GM*12 KG NGP,Central Ware House,FD045904001200000D,88,,88,4,0,Oct-25,95,3,,,,,,,,88
,,,,,,,,,,,,,,,,,,,,,,,,,,0,,0,Nov-25,45,,,,,,,,,0
19-Jul-25,31.3013,12,60,2103.4474,1.9232,1.58,3.50,32.3968,12,60,2177.06,31.9033,12,60,2143.90,59,49,33,30,49,Lite Chiwda 200 GM*12 KG NGP,Central Ware House,FD047902001200000D ,51,,51,6,0,Jan-26,45,,,,,,,,,51
15-Jul-25,45.2130,12,40,2025.5424,1.9231,1.58,3.50,46.7954,12,40,2096.43,46.0825,12,40,2064.50,14,5,11,9,5,Mini Bhakharwadi 200 GM*8 KG,Central Ware House,FD058802000800001D,8,,8,6,0,Dec-25,65,3,,,,,,,,8
08-Aug-25,45.2130,12,24,1215.3254,1.9231,1.59,3.51,46.8000,12,24,1257.98,46.0825,12,24,1238.70,,,,,,Mini Bhakharbadi 200 GM*4.8 KG,,FD058802000480000D,12,,12,6,0,Jan-26,65,,,,,,,,,12
15-Jul-25,31.3013,12,60,2103.4474,1.9232,1.58,3.50,32.3968,12,60,2177.06,31.9033,12,60,2143.90,19,30,32,29,17,Mixture 200 GM*12 KG NGP,Central Ware House,FD059902001200000D,47,,47,6,0,Dec-25,45,3,,,,,,,,47
15-Jul-25,61.2114,12,30,2056.7030,1.9232,1.58,3.50,63.3538,12,30,2128.69,62.3886,12,30,2096.26,38,38,43,37,18,Mixture 400 GM*12 KG NGP,Central Ware House,FD059904001200000D,41,,41,6,0,Jan-26,88,3,,,,,,,,41
29-Jul-25,41.3283,12,62,2869.8372,2.9261,1.59,4.52,43.1958,12,62,2999.52,42.5376,12,62,2953.81,40,20,21,41,-,Moong Dal 200 GM*12.4 KG NGP ,Hariomkar,FD060302001240000D,41,,41,8,0,Mar-26,60,,,,,,,,,41
15-Jul-25,83.4701,12,30,2804.5954,1.9232,1.58,3.50,86.3916,12,30,2902.76,85.0754,12,30,2858.53,42,47,34,44,34,Moong Dal 400 GM*12 KG NGP,Hariomkar,FD060304001200000D,56,,56,8,0,Mar-26,120,,,,,,,,,56
15-Jul-25,31.3013,12,48,1682.7579,1.9232,1.58,3.50,32.3968,12,48,1741.65,31.9033,12,48,1715.12,3,4,7,5,14,Papdi Gathiya 200 GM*9.6 KG NGP,Central Ware House,FD073702000960000D,,,0,6,0,,45,,,,,,,,,0
29-Jul-25,31.3013,12,40,1402.2982,1.9232,1.58,3.50,32.3968,12,40,1451.38,31.9033,12,40,1429.27,6,4,4,2,1,Papad Chavanu 200 GM*8 KG,Central Ware House,FD063802000800000D,1,,1,5,0,Dec-25,45,3,,,,,,,,1
15-Jul-25,63.6913,12,60,4280.0554,1.9232,1.58,3.50,65.9205,12,60,4429.86,64.9162,12,60,4362.37,5,40,12,41,35,Panchrattan 200 GM*12 KG NGP,Central Ware House,FD063102001200000D,66,,66,4,0,Nov-25,90,3,,,,,,,,66
15-Jul-25,38.2571,12,60,2570.8771,1.9233,1.58,3.50,39.5961,12,60,2660.86,38.9929,12,60,2620.32,6,16,7,8,4,Salted Peanut 200 GM*12 KG NGP,Central Ware House,FE081202001200000D,20,,20,3,0,Oct-25,55,3,,,,,,,,20
31-Jul-25,38.2572,12,60,2570.8838,1.9230,1.58,3.50,39.5961,12,60,2660.86,38.9929,12,60,2620.32,11,3,12,17,7,Punjabi Tadka 200 GM*12 KG NGP,Hariomkar,FD075202001200000D,20,,20,6,0,Jan-26,55,,,,,,,,,20
18-Jul-25,31.3013,12,60,2103.4474,1.9232,1.58,3.50,32.3963,12,60,2177.03,31.9033,12,60,2143.90,10,,,7,5,Soya Sticks 200 GM*12 KG NGP,Hariomkar,FD084202001200000D,24,,24,12,0,Jul-26,45,,,,,,,,,24
15-Jul-25,38.2571,12,60,2570.8771,1.9233,1.58,3.50,39.5961,12,60,2660.86,38.9929,12,60,2620.32,,6,8,9,8,Tasty Nuts 200 GM*12 KG NGP,Central Ware House,FE089202001200000D,22,,22,6,0,Jan-26,55,3,,,,,,,,22
15-Jul-25,73.0364,12,30,2454.0230,1.9230,1.58,3.50,75.5926,12,30,2539.91,74.4409,12,30,2501.21,2,1,2,3,1,Tasty Nuts 400 GM*12 KG NGP,Central Ware House,FE089204001200000D,23,,23,6,0,Dec-25,105,3,,,,,,,,23
22-Jul-25,34.5543,12,60,2322.0490,2.5864,1.59,4.17,35.9965,12,60,2418.96,35.4480,12,60,2382.11,7,2,6,4,-,Dal Biji 200 Gm*4.8Kg,Central Ware House,FD026002001200000D,10,,10,6,0,,,3,,,,,,,,10
22-Jul-25,34.7792,12,40,1558.1082,1.9230,1.58,3.50,35.9965,12,40,1612.64,35.4480,12,40,1588.07,-,,-,-,-,Jeera Stick 150 GM*6 KG,Central Ware House,FD042201500600000D,,,0,4,0,,50,,,,,,,,,0
15-Jul-25,34.7792,12,60,2337.1622,1.9230,1.58,3.50,35.9965,12,60,2418.96,35.4480,12,60,2382.11,,6,5,-,-,Golden Mixture 200 GM*12 KG NGP,Central Ware House,FD038502001200000D,,,0,6,0,,50,,,,,,,,,0
15-Jul-25,36.3319,12,60,2441.5037,1.9228,1.58,3.50,37.6035,12,60,2526.96,37.0305,12,60,2488.45,7,17,30,27,16,Roasted Salted Cashew 35 GM*2.1 KG NGP,Central Ware House,FE077800350210000D,32,,32,5,0,Nov-25,50,,,,,,,,,32
,,,,0.0000,,,,,,,,,,,0.00,-,,5,9,-,Cookie H. Ajwain Cookies 150GM*3.6KG NGP,Central Ware House,FA561601500360002D,,,0,6,0,,60,,,,,,,,,0
,,,,0.0000,,,,,,,,,,,0.00,,,,,,Cookie H. kaju 150 GM*3.6 KG,Central Ware House,,,,0,,0,,60,,,,,,,,,0
22-Jul-25,40.1079,18,24,1135.8557,2.4160,1.58,4.00,41.7124,18,24,1181.30,41.0769,18,24,1163.30,-,,6,9,-,Cookie H. Jeera 150 GM*3.6 KG,Central Ware House,FA197501500360000D,,,0,6,0,,60,,,,,,,,,0
15-Jul-25,45.2130,12,20,1012.7712,1.9231,1.58,3.50,46.7954,12,20,1048.22,46.0825,12,20,1032.25,20,18,7,28,14,Mini Samosa 200 GM*4 KG NGP,Central Ware House,FD059302000400000D,18,,18,6,0,Dec-25,65,3,,,,,,,,18
31-Jul-25,45.2130,12,24,1215.3254,1.9231,1.59,3.51,46.8000,12,24,1257.98,46.0825,12,24,1238.70,27,12,,51,4,Murukku (Chakoli)200 GM*4.8 KG,Central Ware House,FD019302000800001D,28,,28,6,0,Jan-26,65,3,,,,,,,,28
29-Jul-25,45.2130,12,20,1012.7712,1.9231,1.58,3.50,46.7954,12,20,1048.22,46.0825,12,20,1032.25,,,,,,Mathri 200 GM*4 KG NGP,Central Ware House,FD057102000400000D,22,,22,6,0,Jan-26,65,3,,,,,,,,22
15-Jul-25,48.6909,12,20,1090.6762,1.9232,1.58,3.50,50.3951,12,20,1128.85,49.6273,12,20,1111.65,9,2,10,10,10,Gol Kachauri 200 GM*4 KG,Central Ware House,FD038202000400000D,24,,24,6,0,Dec-25,70,3,,,,,,,,24
,,,,0.0000,,,,,,,,,,,0.00,,,,2,-,Dry Fruit Mix 200 GM*12 KG NGP,-,FD027902001200000D,,,0,6,0,,110,3,,,,,,,,0
19-Jul-25,7.6317,5,60,480.7971,1.9209,1.58,3.50,7.8987,5,60,497.62,7.7783,5,60,490.03,-,,35,100,-,Bread Toast Classic 70 GM * 4.2KG,Central Ware House,FA558800700420000D ,37,,37,5,0,,10,,,,,,,,,37
,,,,0.0000,,,,,,,,,,,0.00,-,,27,20,10,Elaichi Bread Toast 150 GM*4.5 KG NGP,Central Ware House,FA197401500450001D,,100,100,5,0,,25,,,,,,,,,0
,,,,0.0000,,,,,,,,,,,0.00,-,,,,-,Milk Bread Toast 150 GM*4.5 KG NGP,Central Ware House,FA058601500450001D,,,0,,0,,25,,,,,,,,,0
,,,,0.0000,,,,,,,,,,,0.00,-,,,,-,Elaichi Bread Toast 250 GM*5 KG NGP,Central Ware House,FA197402500500001D,33,,33,,0,,40,,,,,,,,,33
08-Aug-25,30.2600,5,20,635.4600,1.9237,1.58,3.50,31.3193,5,20,657.71,30.8421,5,20,647.68,-,100,77,20,86,Milk Bread Toast 250 GM*5 KG,Central Ware House,FA058602500500001D,11,100,111,5,0,Dec-25,40,,,,,,,,,11
16-Jul-25,6.7170,18,32,253.6339,1.9235,1.58,3.50,6.9521,18,32,262.51,6.8462,18,32,258.51,-,,,68,33,Cream Cone Vanilla 30 GM*0.96 KG,Central Ware House,FN090200300096000D,1,,1,3,0,Oct-25,10,,,,,,,,,1
15-Jul-25,6.9180,12,144,1115.7350,1.9225,1.58,3.50,7.1602,12,144,1154.80,7.0510,12,144,1137.19,-,,-,-,90,Woka Instant Noodles 52 Gm*7.488KG,Central Ware House,FQ050200520748800D,48,,48,3,0,Jan-26,10,,,,,,,,,48
,,,,0.0000,,,,,,,,,,,0.00,-,99,,3,3,Peeloz Choco Block 25 GM * 5KG,-,FI067200250500002D,,,0,,0,,10,,,,,,,,,0
,,,,0.0000,,,,,,,,,,,0.00,-,40,,6,-,Peeloz French Vanilla 25 GM * 5 KG,-,FI067300250500002D,,,0,,0,,10,,,,,,,,,0
,,,,0.0000,,,,,,,,,,,0.00,-,32,4,10,4,Peeloz Orange 25 GM * 5KG,-,FI067400250500002D,,,0,,0,,10,,,,,,,,,0
,,,,0.0000,,,,,,,,,,,0.00,-,23,,7,2,Peeloz Strawberry MRP 10|25 GM * 5 KG,-,FI067500250500002D,,,0,,0,,10,,,,,,,,,0
,,,,0.0000,,,,,,,,,,,0.00,,,4,2,8,Pasta Macroni Elbow 180 GM*21.6 KG NGP,Kapsi-1,FK065501802160000D,,,0,18,0,,20,,,,,,,,,0
08-Aug-25,292.8177,12,4,1311.8233,2.4155,1.58,4.00,304.5304,12,4,1364.30,299.8906,12,4,1343.51,,,,,-,Pasta Macroni Elbow 5KG*20KG NGP (Small),Kapsi-1,FK065550002000000D,8,,8,18,0,Dec-26,470,5,,,,,,,,8
,292.3024,,,0.0000,,,,,,,,,,,0.00,-,47,39,101,27,Pellets Trikona 5 KG*20 KG NGP,Kapsi-1,FK072350002000000D,50,,50,12,0,,450,5,,,,,,,,50
08-Aug-25,6.5666,5,220,1516.8846,3.6457,1.60,5.25,6.9113,5,220,1596.51,6.8060,5,220,1572.19,88,59,35,34,31,Vermicellirs 10|90 GM*19.8 KG NGP,Kapsi-1,FK116100901980000D,67,50,117,24,0,Jul-27,10,5,,,,,,,,67
08-Aug-25,27.9111,5,50,1465.3328,2.4152,1.59,4.00,29.0276,5,50,1523.95,28.5852,5,50,1500.72,28,27,,20,5,Vermicelli400Gm|400 GM*20 KG NGP,Kapsi-1,FK116104002000000D,1,,1,24,0,Jun-27,42,5,,,,,,,,1
15-Jul-25,56.4867,5,24,1423.4648,2.4158,1.58,4.00,58.7463,5,24,1480.41,57.8513,5,24,1457.85,11,1,2,10,5,Vermicelli 900 GM*21.6 KG NGP,Kapsi-1,FK116109002160000D,10,,10,24,0,Jan-27,85,5,,,,,,,,10
08-Aug-25,7.3154,0,320,2340.9280,2.4155,1.58,4.00,7.6080,0,320,2434.56,7.4921,0,320,2397.47,20,,4,,-,Bikaneri Papad 32 GM * 10.24 KG,Central Ware House,FK095300401280000D,10,,10,6,0,Jan-26,10,8,,,,,,,,10
,7.3154,,,0.0000,,,,,,,,,,,0.00,13,5,9,10,7,Papad Mung 32 GM*10.24 KG,Central Ware House,FK064200401280000D,,,0,6,0,,10,8,,,,,,,,0
,,,,0.0000,,,,,,,,,,,0.00,,,6,9,-,Papad Udad 40 GM*12.8 KG NGP,Central Ware House,FK064700401280000D,,,0,6,0,,10,8,,,,,,,,0
15-Jul-25,51.2078,0,60,3072.4680,2.4156,1.58,4.00,53.2562,0,60,3195.37,52.4448,0,60,3146.69,13,23,5,5,5,Bikaneri Papad200Gm|200 GM*12 KG NGP,Central Ware House,FK095302001200000D,9,,9,3,0,Oct-25,70,8,,,,,,,,9
15-Jul-25,54.8656,0,60,3291.9360,2.4155,1.58,4.00,57.0603,0,60,3423.62,56.1909,0,60,3371.45,10,12,2,11,8,Punjabi Medium Papad 200 GM*12 KG NGP,Central Ware House,FK184402001200000D,1,,1,6,0,,75,8,,,,,,,,1
19-Jul-25,118.6434,12,20,2657.6122,1.4356,1.56,3.00,122.2026,12,20,2737.34,120.3467,12,20,2695.77,20,,,,,GP-Sneh Bandhan 400 GM*8 KG,Central Ware House,FJ082704000800000D,,,0,4,0,,165,,,,,,,,,0
21-Jul-25,170.9128,12,12,2297.0680,2.4205,1.58,4.00,177.7493,12,12,2388.95,175.0498,12,12,2352.67,16,,,,,GP-Madhur Rishtey 600 GM*7.2 KG,Central Ware House,FJ049306000720000D,,,0,,0,,240,,,,,,,,,0
16-Jul-25,208.5250,12,12,2802.5760,1.4356,1.56,3.00,214.7805,12,12,2886.65,211.5185,12,12,2842.81,12,,,,,GP-Atoot Rishtey 720 GM*8.64 KG ,Central Ware House,FJ014607200864000D,,,0,4,0,,290,,,,,,,,,0
16-Jul-25,240.8820,12,12,3237.4541,1.4357,1.56,3.00,248.1084,12,12,3334.58,244.3404,12,12,3283.93,16,,,,,GP-Anmol Bandhan 950 GM*11.4 KG,Central Ware House,FJ013909501140000D,,,0,4,0,,335,,,,,,,,,0
31-Jul-25,48.2273,5,48,2430.6559,1.9230,1.58,3.50,49.9151,5,48,2515.72,49.1547,5,48,2477.40,3,20,20,23,5,Agra Petha 200 GM*9.6 KG NGP,Kasana-2,FH129102000960000D,,,0,12,0,Jul-26,65,,,,,,,,,0
15-Jul-25,77.9055,5,20,1636.0155,1.9231,1.58,3.50,80.6322,5,20,1693.28,79.4037,5,20,1667.48,28,18,16,23,21,Agra Petha 350 GM*7 KG NGP,Kasana-2,FH129103500700000D,9,,9,6,0,Jan-26,105,,,,,,,,,9
15-Jul-25,92.7446,5,32,3116.2186,1.9231,1.58,3.50,95.9907,5,32,3225.29,94.5282,5,32,3176.15,23,16,5,17,15,Gulab Jamun 500 GM*16 KG NGP,Kasana-2,FH039005001600000D,20,,20,9,0,Mar-26,125,2,,,,,,,,20
15-Jul-25,169.8439,5,18,3210.0497,1.4912,2.01,3.50,175.7881,5,18,3322.40,172.3766,5,18,3257.92,14,,6,7,9,Gulab Jamun1 KG*18 KG (Box Folding) NGP,Kasana-2,FH039010001800002D,17,,17,9,0,Mar-26,225,2,,,,,,,,17
15-Jul-25,92.7446,5,32,3116.2186,1.9231,1.58,3.50,95.9907,5,32,3225.29,94.5282,5,32,3176.15,16,13,15,10,10,Rasgulla 500 GM*16 KG NGP,Kasana-2,FH076105001600000D,21,,21,9,0,Feb-26,125,2,,,,,,,,21
15-Jul-25,169.8439,5,18,3210.0497,1.9229,1.58,3.50,175.7881,5,18,3322.40,173.1098,5,18,3271.78,12,15,11,12,10,Rasgulla 1 KG*18 KG (Box Folding) NGP,Kasana-2,FH076110001800000D,12,,12,9,0,,225,2,,,,,,,,12
30-Jul-25,25.9685,5,72,1963.2186,1.9231,1.58,3.50,26.8774,5,72,2031.93,26.4679,5,72,2000.97,,,,,,SoanPapdi Regular MRP30|100GM*7.2KG NGP,Kasana-2,FH083701000720000D,,,0,4,0,,35,2,,,,,,,,0
15-Jul-25,33.3881,5,72,2524.1404,1.9228,1.58,3.50,34.5566,5,72,2612.48,34.0301,5,72,2572.68,4,12,1,-,12,Soan Cake Regular 100 GM*7.2 KG NGP,Kasana-2,FH083301000720000D,5,,5,4,0,Nov-25,45,2,,,,,,,,5
,,,,0.0000,,,,,,,,,,,0.00,9,13,3,6,2,Soan Cake Flavoured 400 GM*7.2 KG NGP,Kasana-2,FH083104000720000D,,8,8,4,0,,150,2,,,,,,,,0
,,,,0.0000,,,,,,,,,,,0.00,,1,,,-,Orange Soan Papdi 250 GM*18 KG NGP,Kasana-2,,26,,26,4,0,,75,2,,,,,,,,26
15-Jul-25,55.6468,5,72,4206.8981,1.9232,1.58,3.50,57.5944,5,72,4354.14,56.7170,5,72,4287.81,,20,,-,-,Soan Papdi Regular 250 GM*18 KG NGP,Kasana-2,FH083702501800002D,12,,12,4,0,Nov-25,75,2,,,,,,,,12
15-Jul-25,100.1642,5,36,3786.2068,1.9230,1.58,3.50,103.6699,5,36,3918.72,102.0904,5,36,3859.02,,46,,-,,Soan Papdi Regular 500 GM*18 KG NGP,Kasana-2,FH083705001800002D,54,,54,4,0,Oct-25,135,2,,,,,,,,54
15-Jul-25,59.3565,5,72,4487.3514,1.9231,1.58,3.50,61.4340,5,72,4644.41,60.4980,5,72,4573.65,115,200,50,46,40,Soan Papdi (Pl. Box) 250 GM*18 KG NGP,Kasana-2,FH083702501800004D,102,50,152,4,0,Nov-25,80,2,,,,,,,,102
15-Jul-25,111.2935,5,36,4206.8943,1.9230,1.58,3.50,115.1888,5,36,4354.14,113.4337,5,36,4287.79,119,237,62,65,56,Soan Papdi (Pl. Box) 500 GM*18 KG NGP,Kasana-2,FH083705001800001D,131,50,181,4,0,Nov-25,150,2,,,,,,,,131
15-Jul-25,7.3985,12,40,331.4528,1.9234,1.58,3.50,7.6574,12,40,343.05,7.5408,12,40,337.83,80,,518,115,279,Mango Drink 125 ML (5 L C/S),-,FDRTA1201250500,271,,271,6,0,Oct-25,10,6.66,,,,,,,,271
15-Jul-25,7.3985,12,40,331.4528,1.9234,1.58,3.50,7.6574,12,40,343.05,7.5408,12,40,337.83,85,18,544,65,168,Litchi Drink 125 ML (5 L C/S),-,FDRTA1801250500,91,,91,6,0,Aug-25,10,6.66,,,,,,,,91
15-Jul-25,11.2687,5,30,354.9641,2.4129,1.58,4.00,11.7192,5,30,369.15,11.5406,5,30,363.53,92,,1159,582,262,MatkaJhatka(MasalaChaas)180Ml(5.400KgCS),-,FDRTA0201800540,427,,427,6,0,Sep-25,15,23.33,,,,,,,,427
,,,,0.0000,,,,,,,0.00,,,,0.00,24,2,46,4,48,ButterScotchFlavorMilk180mlBott.C/s24nos,Kasana,,,,0,6,0,,20,,,,,,,,,0
,,,,0.0000,,,,,,,,,,,0.00,20,52,26,48,-,ChocolateFlavoredMilk180ml Bott.C/s24nos,-,FDPTB0201800434,,,0,6,0,,20,,,,,,,,,0
15-Jul-25,15.6492,5,24,394.3598,1.9420,1.56,3.50,16.1970,5,24,408.16,15.9531,5,24,402.02,,,190,93,100,Keshar Milk 180ml PetBottle (C/s24nos),-,FDPTB0301800432,111,,111,6,0,Nov-25,20,4.17,,,,,,,,111
,,,,0.0000,,,,,,,,,,,0.00,22,13,35,45,5,RoseFlavoured Milk180ml Bott.(C/s 24nos),-,FDPTB0601800432,,,0,6,0,,20,,,,,,,,,0
,,,,0.0000,,,,,,,,,,,0.00,,,13,34,28,StrawberryFlavourMilk180ml Bott.C/s24nos,-,FDPTB0701800432,,,0,6,0,,20,,,,,,,,,0
,,,,0.0000,,,,,,,,,,,0.00,47,41,187,46,37,VanillaFlavoredMilk 180ml Bott.C/s24nos,-,FDPTB0401800432,,,0,6,0,,20,,,,,,,,,0
15-Jul-25,15.0247,5,30,473.2781,2.4147,1.58,4.00,15.6256,5,30,492.21,15.3875,5,30,484.71,,,7128,1759,973,Classic Lassi 180Ml (5.400 Kg C/S),-,FDRTA0301800540,400,,400,6,0,Nov-25,20,13.75,,,,,,,,400
,,,,0.0000,,,,,,,,,,,0.00,,,,10,-,Kala Khatta Squash 750 ML*12 bott,-,FB043907500900000D,,,0,12,0,,175,,,,,,,,,0
15-Jul-25,123.8440,12,12,1664.4634,1.9234,1.58,3.50,128.1788,12,12,1722.72,126.2260,12,12,1696.48,,,,22,0,Lemon Squash 750 ML*9L NGP,-,FB047607500900000D,2,,2,12,0,Apr-26,175,,,,,,,,,2
,,,,0.0000,,,,,,,,,,,0.00,,,,,-,,-,,,,0,12,0,,175,,,,,,,,,0
15-Jul-25,123.8440,12,12,1664.4634,1.9234,1.58,3.50,128.1788,12,12,1722.72,126.2260,12,12,1696.48,,7,25,110,0,Orange Squash 750 ML*9L NGP,-,FB062707500900000D,32,,32,12,0,Apr-26,175,,,,,,,,,32
15-Jul-25,117.5470,18,12,1664.4655,1.9231,1.58,3.50,121.6613,18,12,1722.72,119.8076,18,12,1696.48,,4,10,34,1,Rose Squash 750 ML*9L NGP,-,FB079907500900000D,6,,6,18,0,Nov-26,175,,,,,,,,,6
,,,,0.0000,,,,,,,,,,,0.00,,,,,-,,-,,,,0,12,0,,175,,,,,,,,,0
15-Jul-25,123.8440,12,12,1664.4634,1.9234,1.58,3.50,128.1788,12,12,1722.72,126.2260,12,12,1696.48,,,10,12,3,Pineapple Squash 750 ML*9L NGP,-,FB073407500900000D,2,,2,12,0,May-26,175,,,,,,,,,2
,,,,0.0000,,,,,,,,,,,0.00,,,,,0,,-,,,,0,,0,,180,,,,,,,,,0
,,,,0.0000,,,,,,,,,,,0.00,,,,,-,,-,,,,0,,0,,380,,,,,,,,,0
,,,,0.0000,,,,,,,,,,,0.00,,,,,15,Mexilla Flaming Hot MRP 5|18 GM*3.456 KG,Delhi,FI058000180345602D,,,0,,0,,5,,,,,,,,,0
,,,,0.0000,,,,,,,,,,,0.00,,,,,-,Mexilla Mexican Tomato18 GM*3.456 KG,Delhi,FI058300180345601D,,,0,,0,,5,,,,,,,,,0
,,,,0.0000,,,,,,,,,,,0.00,1,,,,-,Mexilla Nacho Cheese 18GM*3.456 KG,Delhi,FI058400180345601D,,,0,,0,,5,,,,,,,,,0
,,,,0.0000,,,,,,,,,,,0.00,4,,,,-,Mexilla Sweet Thai Chilli 18GM*3.456 KG,Delhi,FI058500180345601D,,,0,,0,,5,,,,,,,,,0
,,,,0.0000,,,,,,,,,,,0.00,6,,,,-,Mexilla Flaming Hot MRP 10|40GM*4.8KG,Delhi,FI058000400480002D,,,0,,0,,10,,,,,,,,,0
,,,,0.0000,,,,,,,,,,,0.00,,,,,-,Mexilla Mexican Tomato 40 GM*4.8 KG NGP,Delhi,FI058300400480001D,,,0,,0,,10,,,,,,,,,0
15-Jul-25,6.8696,12,120,923.2742,3.2025,1.60,4.80,7.1993,12,120,967.59,7.0896,12,120,952.84,3,,,-,19,Mexilla Nacho Cheese 40 GM * 4.8 KG,Delhi,FI058400400480001D,,,0,4,0,,10,,,,,,,,,0
,,,,0.0000,,,,,,,,,,,0.00,3,,,,-,Mexilla SweetThaichilliMRP 10|40GM*4.8KG,Delhi,FI058500400480002D,,,0,,0,,10,,,,,,,,,0
15-Jul-25,3.4348,12,192,738.6194,3.2025,1.60,4.80,3.5997,12,192,774.08,3.5448,12,192,762.27,-,,191,-,5,Panga Tangy Tomato MRP 5|16 GM*3.072 KG,Central Ware House,FI063400160307201D,186,,186,4,0,Nov-25,5,,,,,,,,,186
16-Jul-25,3.4348,12,192,738.6194,3.2025,1.60,4.80,3.5997,12,192,774.08,3.5448,12,192,762.27,-,,194,,-,Panga Teekha Achari MRP 5|16 GM*3.072 KG,Central Ware House,FI350600160307201D,55,,55,4,0,Nov-25,5,,,,,,,,,55
19-Jul-25,6.8696,12,120,923.2742,3.2025,1.60,4.80,7.1993,12,120,967.59,7.0896,12,120,952.84,-,,,,-,Panga Tangy Tomato MRP 10|38GM*4.56KG,Central Ware House,FI063400160307201D,,,0,4,0,,10,,,,,,,,,0
29-Jul-25,6.8696,12,120,923.2742,3.2025,1.60,4.80,7.1993,12,120,967.59,7.0896,12,120,952.84,-,,,,-,Panga Teekha Achari MRP 10|38 GM**4.56 KG,Central Ware House,FI350600380456002D,17,,17,4,0,Nov-25,10,,,,,,,,,17
,,,,0.0000,,,,,,,,,,,0.00,,,,80,89,,-,FI088100220660000D,,,0,4,0,,5,4.17,,,,,,,,0
23-07-25,3.4158,12,300,1147.7088,3.2028,1.60,4.80,3.5798,12,300,1202.81,3.5252,12,300,1184.47,,,25,,-,Takatak Chatpata Masala MRP 5|20GM*6KG,-,,,,0,4,0,,5,4.17,,,,,,,,0
15-Jul-25,3.4158,12,300,1147.7088,3.2028,1.60,4.80,3.5798,12,300,1202.81,3.5252,12,300,1184.47,,,,29,-,Takatak Flaming Masala 22 GM*6.6 KG NGP,-,FI088100220660000D,,,0,4,0,Oct-25,5,4.17,,,,,,,,0
,,,,0.0000,,,,,,,,,,,0.00,5,,19,,-,Takatak Namkeen Chilli 22 GM*6.6 KG NGP,-,,,,0,4,0,,5,4.17,,,,,,,,0
,,,,0.0000,,,,,,,,,,,0.00,,,,17,-,Takatak Namkeen Tomato MRP 5|20GM*6KG,-,,,,0,4,0,,5,4.17,,,,,,,,0
,,,,0.0000,,,,,,,,,,,0.00,,,,,-,Taka Tak Noodle 20Gm (5.76 KgC/S) Rs 5/-,-,,,,0,,0,,5,4.17,,,,,,,,0
,,,,0.0000,,,,,,,,,,,0.00,,,2,7,-,Takatak Namkeen Chilli 0|558.8KG,-,FI088500550880000D,,,0,4,0,,10,4.17,,,,,,,,0
15-Jul-25,6.8696,12,180,1384.9114,3.2025,1.60,4.80,7.1993,12,180,1451.38,7.0896,12,180,1429.26,,,,-,2,Takatak ChatpataMasala MRP 10 45GM*8.1KG,-,FI122500450810000D,,,0,4,0,,10,4.17,,,,,,,,0
15-Jul-25,3.4348,12,240,923.2742,5.0512,1.63,6.68,3.6642,12,240,984.94,3.6083,12,240,969.91,70,,,-,48,Chips Cream N Onion MRP 5|13 GM*3.12 KG,Gaya,FI001800130312001D,,,0,4,0,,5,,3.9,,,,,,,0
15-Jul-25,3.4348,12,240,923.2742,5.0512,1.63,6.68,3.6642,12,240,984.94,3.6083,12,240,969.91,-,,,-,71,Chips Masala MRP 5|13 GM*3.12 KG,Gaya,FI002000130312001D,23,,23,4,0,Nov-25,5,,3.9,,,,,,,23
,,,,0.0000,,,,,,,,,,,0.00,-,5,,,68,Chips Pudina Treat MRP 5|13 GM*3.12 KG,Gaya,,,,0,4,0,,5,,3.9,,,,,,,0
,,,,0.0000,,,,,,,,,,,0.00,16,1,,,49,Chips Tomato MRP 5|13 GM*3.12 KG,Gaya,FI002800110264001D,,,0,,0,,5,,3.9,,,,,,,0
,,,,0.0000,,,,,,,,,,,0.00,-,,,,,Chips Cream N Onion MRP 10|30 GM*4.32 KG,Gaya,,,,0,,0,,10,,,,,,,,,0
15-Jul-25,12.1026,12,72,975.9537,5.3906,0.00,5.39,12.7550,12,72,1028.56,12.7550,12,72,1028.56,-,,,-,48,Chips Salted MRP 20|55 GM*3.96 KG,Gaya,FI002400550396000D,,,0,4,0,,20,,3.9,,,,,,,0
08-Aug-25,12.1026,12,72,975.9537,3.4241,0.00,3.42,12.5170,12,72,1009.37,12.5170,12,72,1009.37,-,,,-,19,Chips Masala MRP 20|55 GM*3.96 KG,Gaya,FI002000550396001D,2,,2,4,0,Dec-25,20,,3.9,,,,,,,2
15-Jul-25,12.1026,12,72,975.9537,5.3906,0.00,5.39,12.7550,12,72,1028.56,12.7550,12,72,1028.56,-,1,,-,17,Chips Pudina Treat MRP 20|55 GM*3.96 KG,Gaya,FI002200550396000D,,,0,4,0,,20,,3.9,,,,,,,0
15-Jul-25,3.2150,12,156,561.7248,3.2006,1.60,4.80,3.3693,12,156,588.68,3.3179,12,156,579.70,820,427,368,431,606,Popcorn Salted MRP 5|11GM*1.716KG,Hariomkar,FI564600110171600D,731,,731,4,0,Nov-25,5,,,,,,,,,731
15-Jul-25,3.2150,12,120,432.0960,3.2006,1.60,4.80,3.3693,12,120,452.83,3.3179,12,120,445.93,192,304,229,202,200,Snac Lite Katori Cup Tomato 20 GM**2.4KG,Central Ware House,FI571900200240000D,73,,73,3,0,Oct-25,5,,,,,,,,,73
08-Aug-25,3.2150,12,144,518.5152,3.2006,1.60,4.80,3.3693,12,144,543.40,3.3179,12,144,535.11,-,,30,-,-,Snac Lite Soya Katori 20 GM * 2.88 KG,Central Ware House,FI220800200288001D,,,0,4,0,Nov-25,5,,,,,,,,,0
15-Jul-25,3.2150,12,120,432.0960,3.2006,1.60,4.80,3.3693,12,120,452.83,3.3179,12,120,445.93,280,194,150,167,121,Snac Lite Katori Cup Masala 20 GM*2.4KG,Central Ware House,FI572200200240000D,69,72,141,3,0,Oct-25,5,,,,,,,,,69
15-Jul-25,3.2150,12,120,432.0960,3.2006,1.60,4.80,3.3693,12,120,452.83,3.3179,12,120,445.93,162,145,141,71,111,Snac Lite Funfingers Masala 20 GM*2.4KG,Central Ware House,FI369100200240000D,48,36,84,3,0,Oct-25,5,,,,,,,,,48
30-Jul-25,3.4963,12,180,704.8541,3.2034,1.60,4.80,3.6642,12,180,738.70,3.6083,12,180,727.43,-,,46,,16,Chips Siracha MRP 5|13 GM*2.34 KG,Hariomkar,FI564400130234000D,8,,8,4,0,Nov-25,5,,,,,,,,,8
15-Jul-25,6.9391,12,96,746.0920,2.1689,1.58,3.75,7.1993,12,96,774.07,7.0896,12,96,762.27,13,36,23,2,25,AlooMasala ThickChips 30 GM*2.88 KG NGP,Central Ware House,FI000200300288000D,5,,5,4,0,Nov-25,10,,,,,,,,,5
15-Jul-25,6.9224,12,180,1395.5558,2.4153,1.58,4.00,7.1993,12,180,1451.38,7.0896,12,180,1429.26,7,6,3,10,4,BananaChips Yellow MRP10|20GM*3.6KG NGP,Kasana-2,FI015600200360000D,11,,11,12,0,Jul-26,10,,,,,,,,,11
23-07-25,19.9935,12,54,1209.2069,6.3786,1.65,8.02,21.5979,12,54,1306.24,21.2688,12,54,1286.34,14,49,33,65,7,H.F. Plain Wafer 100 GM*5.4 KG,Hariomkar,,28,,28,4,0,Nov-25,30,,,,,,,,,28
15-Jul-25,3.4963,12,180,704.8541,3.2034,1.60,4.80,3.6642,12,180,738.70,3.6083,12,180,727.43,1748,1526,1722,1750,1710,Halke Fulke 5/-,Gaya,,582,,582,,0,,5,,3.9,,,,,,,582
15-Jul-25,6.9391,12,120,932.6150,2.1689,1.58,3.75,7.1993,12,120,967.59,7.0896,12,120,952.84,2687,3127,2431,3096,2163,Halke Fulke 10/-,Gaya,,211,552,763,,0,,10,,3.9,,,,,,,211
,,,,,,,,,,,,,,,,,,,,,,,,,,,,,,,,,,,,,,,0
,,,,,,,,,,,,,,,,,,,,,,,,,,,,,,,,,,,,,,,0
,,,,,,,,,,,,,,,,,,,,,,,,,,,,,,,,,,,,,,,0
,,,,,,,,,,,,,,,,,,,,,,,,,,,,,,,,,,,,,,,0
,,,,,,,,,,,,,,,,,,,,,,,,,,,,,,,,,,,,,,,0
,,,,,,,,,,,,,,,,,,,,,,,,,,,,,,,,,,,,,,,0
,,,,,,,,,,,,,,,,,,,,,,,,,,,,,,,,,,,,,,,0
,,,,,,,,,,,,,,,,,,,,,,,,,,,,,,,,,,,,,,,0
,,,,,,,,,,,,,,,,,,,,,,,,,,,,,,,,,,,,,,,0
,,,,,,,,,,,,,,,,,,,,,,,,,,,,,,,,,,,,,,,0
,,,,,,,,,,,,,,,,,,,,,,,,,,,,,,,,,,,,,,,0
,,,,,,,,,,,,,,,,,,,,,,,,,,,,,,,,,,,,,,,0
,,,,,,,,,,,,,,,,,,,,,,,,,,,,,,,,,,,,,,,0
,,,,,,,,,,,,,,,,,,,,,,,,,,,,,,,,,,,,,,,0
,,,,,,,,,,,,,,,,,,,,,,,,,,,,,,,,,,,,,,,0
,,,,,,,,,,,,,,,,,,,,,,,,,,,,,,,,,,,,,,,0
,,,,,,,,,,,,,,,,,,,,,,,,,,,,,,,,,,,,,,,0
,,,,,,,,,,,,,,,,,,,,,,,,,,,,,,,,,,,,,,,0
,,,,,,,,,,,,,,,,,,,,,,,,,,,,,,,,,,,,,,,0
,,,,,,,,,,,,,,,,,,,,,,,,,,,,,,,,,,,,,,,0
,,,,,,,,,,,,,,,,,,,,,,,,,,,,,,,,,,,,,,,0
,,,,,,,,,,,,,,,,,,,,,,,,,,,,,,,,,,,,,,,0
,,,,,,,,,,,,,,,,,,,,,,,,,,,,,,,,,,,,,,,0
,,,,,,,,,,,,,,,,,,,,,,,,,,,,,,,,,,,,,,,0
,,,,,,,,,,,,,,,,,,,,,,,,,,,,,,,,,,,,,,,0
,,,,,,,,,,,,,,,,,,,,,,,,,,,,,,,,,,,,,,,0
,,,,,,,,,,,,,,,,,,,,,,,,,,,,,,,,,,,,,,,0
,,,,,,,,,,,,,,,,,,,,,,,,,,,,,,,,,,,,,,,0
,,,,,,,,,,,,,,,,,,,,,,,,,,,,,,,,,,,,,,,0
,,,,,,,,,,,,,,,,,,,,,,,,,,,,,,,,,,,,,,,0
,,,,,,,,,,,,,,,,,,,,,,,,,,,,,,,,,,,,,,,0
,,,,,,,,,,,,,,,,,,,,,,,,,,,,,,,,,,,,,,,0
,,,,,,,,,,,,,,,,,,,,,,,,,,,,,,,,,,,,,,,0
,,,,,,,,,,,,,,,,,,,,,,,,,,,,,,,,,,,,,,,0
,,,,,,,,,,,,,,,,,,,,,,,,,,,,,,,,,,,,,,,0
,,,,,,,,,,,,,,,,,,,,,,,,,,,,,,,,,,,,,,,0
,,,,,,,,,,,,,,,,,,,,,,,,,,,,,,,,,,,,,,,0
,,,,,,,,,,,,,,,,,,,,,,,,,,,,,,,,,,,,,,,0
,,,,,,,,,,,,,,,,,,,,,,,,,,,,,,,,,,,,,,,0
,,,,,,,,,,,,,,,,,,,,,,,,,,,,,,,,,,,,,,,0
,,,,,,,,,,,,,,,,,,,,,,,,,,,,,,,,,,,,,,,0
,,,,,,,,,,,,,,,,,,,,,,,,,,,,,,,,,,,,,,,0
,,,,,,,,,,,,,,,,,,,,,,,,,,,,,,,,,,,,,,,0
,,,,,,,,,,,,,,,,,,,,,,,,,,,,,,,,,,,,,,,0
,,,,,,,,,,,,,,,,,,,,,,,,,,,,,,,,,,,,,,,0
,,,,,,,,,,,,,,,,,,,,,,,,,,,,,,,,,,,,,,,0
,,,,,,,,,,,,,,,,,,,,,,,,,,,,,,,,,,,,,,,0
,,,,,,,,,,,,,,,,,,,,,,,,,,,,,,,,,,,,,,,0
,,,,,,,,,,,,,,,,,,,,,,,,,,,,,,,,,,,,,,,0
,,,,,,,,,,,,,,,,,,,,,,,,,,,,,,,,,,,,,,,0
,,,,,,,,,,,,,,,,,,,,,,,,,,,,,,,,,,,,,,,0
,,,,,,,,,,,,,,,,,,,,,,,,,,,,,,,,,,,,,,,0
,,,,,,,,,,,,,,,,,,,,,,,,,,,,,,,,,,,,,,,0
,,,,,,,,,,,,,,,,,,,,,,,,,,,,,,,,,,,,,,,0
,,,,,,,,,,,,,,,,,,,,,,,,,,,,,,,,,,,,,,,0
,,,,,,,,,,,,,,,,,,,,,,,,,,,,,,,,,,,,,,,0
,,,,,,,,,,,,,,,,,,,,,,,,,,,,,,,,,,,,,,,0
,,,,,,,,,,,,,,,,,,,,,,,,,,,,,,,,,,,,,,,0
,,,,,,,,,,,,,,,,,,,,,,,,,,,,,,,,,,,,,,,0
,,,,,,,,,,,,,,,,,,,,,,,,,,,,,,,,,,,,,,,0
,,,,,,,,,,,,,,,,,,,,,,,,,,,,,,,,,,,,,,,0
,,,,,,,,,,,,,,,,,,,,,,,,,,,,,,,,,,,,,,,0
,,,,,,,,,,,,,,,,,,,,,,,,,,,,,,,,,,,,,,,0
,,,,,,,,,,,,,,,,,,,,,,,,,,,,,,,,,,,,,,,0
,,,,,,,,,,,,,,,,,,,,,,,,,,,,,,,,,,,,,,,0
,,,,,,,,,,,,,,,,,,,,,,,,,,,,,,,,,,,,,,,0
,,,,,,,,,,,,,,,,,,,,,,,,,,,,,,,,,,,,,,,0
,,,,,,,,,,,,,,,,,,,,,,,,,,,,,,,,,,,,,,,0
,,,,,,,,,,,,,,,,,,,,,,,,,,,,,,,,,,,,,,,0
,,,,,,,,,,,,,,,,,,,,,,,,,,,,,,,,,,,,,,,0
,,,,,,,,,,,,,,,,,,,,,,,,,,,,,,,,,,,,,,,0
,,,,,,,,,,,,,,,,,,,,,,,,,,,,,,,,,,,,,,,0
,,,,,,,,,,,,,,,,,,,,,,,,,,,,,,,,,,,,,,,0
,,,,,,,,,,,,,,,,,,,,,,,,,,,,,,,,,,,,,,,0
,,,,,,,,,,,,,,,,,,,,,,,,,,,,,,,,,,,,,,,0
,,,,,,,,,,,,,,,,,,,,,,,,,,,,,,,,,,,,,,,0
,,,,,,,,,,,,,,,,,,,,,,,,,,,,,,,,,,,,,,,0
,,,,,,,,,,,,,,,,,,,,,,,,,,,,,,,,,,,,,,,0
,,,,,,,,,,,,,,,,,,,,,,,,,,,,,,,,,,,,,,,0
,,,,,,,,,,,,,,,,,,,,,,,,,,,,,,,,,,,,,,,0
,,,,,,,,,,,,,,,,,,,,,,,,,,,,,,,,,,,,,,,0
,,,,,,,,,,,,,,,,,,,,,,,,,,,,,,,,,,,,,,,0
,,,,,,,,,,,,,,,,,,,,,,,,,,,,,,,,,,,,,,,0
,,,,,,,,,,,,,,,,,,,,,,,,,,,,,,,,,,,,,,,0
,,,,,,,,,,,,,,,,,,,,,,,,,,,,,,,,,,,,,,,0
,,,,,,,,,,,,,,,,,,,,,,,,,,,,,,,,,,,,,,,0
,,,,,,,,,,,,,,,,,,,,,,,,,,,,,,,,,,,,,,,0
,,,,,,,,,,,,,,,,,,,,,,,,,,,,,,,,,,,,,,,0
,,,,,,,,,,,,,,,,,,,,,,,,,,,,,,,,,,,,,,,0
,,,,,,,,,,,,,,,,,,,,,,,,,,,,,,,,,,,,,,,0
,,,,,,,,,,,,,,,,,,,,,,,,,,,,,,,,,,,,,,,0
,,,,,,,,,,,,,,,,,,,,,,,,,,,,,,,,,,,,,,,0
,,,,,,,,,,,,,,,,,,,,,,,,,,,,,,,,,,,,,,,0
,,,,,,,,,,,,,,,,,,,,,,,,,,,,,,,,,,,,,,,0
,,,,,,,,,,,,,,,,,,,,,,,,,,,,,,,,,,,,,,,0
,,,,,,,,,,,,,,,,,,,,,,,,,,,,,,,,,,,,,,,0
,,,,,,,,,,,,,,,,,,,,,,,,,,,,,,,,,,,,,,,0
,,,,,,,,,,,,,,,,,,,,,,,,,,,,,,,,,,,,,,,0
,,,,,,,,,,,,,,,,,,,,,,,,,,,,,,,,,,,,,,,0
,,,,,,,,,,,,,,,,,,,,,,,,,,,,,,,,,,,,,,,0
,,,,,,,,,,,,,,,,,,,,,,,,,,,,,,,,,,,,,,,0
,,,,,,,,,,,,,,,,,,,,,,,,,,,,,,,,,,,,,,,0
,,,,,,,,,,,,,,,,,,,,,,,,,,,,,,,,,,,,,,,0
,,,,,,,,,,,,,,,,,,,,,,,,,,,,,,,,,,,,,,,0
,,,,,,,,,,,,,,,,,,,,,,,,,,,,,,,,,,,,,,,0
,,,,,,,,,,,,,,,,,,,,,,,,,,,,,,,,,,,,,,,0
,,,,,,,,,,,,,,,,,,,,,,,,,,,,,,,,,,,,,,,0
,,,,,,,,,,,,,,,,,,,,,,,,,,,,,,,,,,,,,,,0
,,,,,,,,,,,,,,,,,,,,,,,,,,,,,,,,,,,,,,,0
,,,,,,,,,,,,,,,,,,,,,,,,,,,,,,,,,,,,,,,0
,,,,,,,,,,,,,,,,,,,,,,,,,,,,,,,,,,,,,,,0
,,,,,,,,,,,,,,,,,,,,,,,,,,,,,,,,,,,,,,,0
,,,,,,,,,,,,,,,,,,,,,,,,,,,,,,,,,,,,,,,0
,,,,,,,,,,,,,,,,,,,,,,,,,,,,,,,,,,,,,,,0
,,,,,,,,,,,,,,,,,,,,,,,,,,,,,,,,,,,,,,,0
,,,,,,,,,,,,,,,,,,,,,,,,,,,,,,,,,,,,,,,0
,,,,,,,,,,,,,,,,,,,,,,,,,,,,,,,,,,,,,,,0
,,,,,,,,,,,,,,,,,,,,,,,,,,,,,,,,,,,,,,,0
,,,,,,,,,,,,,,,,,,,,,,,,,,,,,,,,,,,,,,,0
,,,,,,,,,,,,,,,,,,,,,,,,,,,,,,,,,,,,,,,0
,,,,,,,,,,,,,,,,,,,,,,,,,,,,,,,,,,,,,,,0
,,,,,,,,,,,,,,,,,,,,,,,,,,,,,,,,,,,,,,,0
,,,,,,,,,,,,,,,,,,,,,,,,,,,,,,,,,,,,,,,0
,,,,,,,,,,,,,,,,,,,,,,,,,,,,,,,,,,,,,,,0
,,,,,,,,,,,,,,,,,,,,,,,,,,,,,,,,,,,,,,,0
,,,,,,,,,,,,,,,,,,,,,,,,,,,,,,,,,,,,,,,0
,,,,,,,,,,,,,,,,,,,,,,,,,,,,,,,,,,,,,,,0
,,,,,,,,,,,,,,,,,,,,,,,,,,,,,,,,,,,,,,,0
,,,,,,,,,,,,,,,,,,,,,,,,,,,,,,,,,,,,,,,0
,,,,,,,,,,,,,,,,,,,,,,,,,,,,,,,,,,,,,,,0
,,,,,,,,,,,,,,,,,,,,,,,,,,,,,,,,,,,,,,,0
,,,,,,,,,,,,,,,,,,,,,,,,,,,,,,,,,,,,,,,0
,,,,,,,,,,,,,,,,,,,,,,,,,,,,,,,,,,,,,,,0
,,,,,,,,,,,,,,,,,,,,,,,,,,,,,,,,,,,,,,,0
,,,,,,,,,,,,,,,,,,,,,,,,,,,,,,,,,,,,,,,0
,,,,,,,,,,,,,,,,,,,,,,,,,,,,,,,,,,,,,,,0
,,,,,,,,,,,,,,,,,,,,,,,,,,,,,,,,,,,,,,,0
,,,,,,,,,,,,,,,,,,,,,,,,,,,,,,,,,,,,,,,0
,,,,,,,,,,,,,,,,,,,,,,,,,,,,,,,,,,,,,,,0
,,,,,,,,,,,,,,,,,,,,,,,,,,,,,,,,,,,,,,,0
,,,,,,,,,,,,,,,,,,,,,,,,,,,,,,,,,,,,,,,0
,,,,,,,,,,,,,,,,,,,,,,,,,,,,,,,,,,,,,,,0
,,,,,,,,,,,,,,,,,,,,,,,,,,,,,,,,,,,,,,,0
,,,,,,,,,,,,,,,,,,,,,,,,,,,,,,,,,,,,,,,0
,,,,,,,,,,,,,,,,,,,,,,,,,,,,,,,,,,,,,,,0
,,,,,,,,,,,,,,,,,,,,,,,,,,,,,,,,,,,,,,,0
,,,,,,,,,,,,,,,,,,,,,,,,,,,,,,,,,,,,,,,0
,,,,,,,,,,,,,,,,,,,,,,,,,,,,,,,,,,,,,,,0
,,,,,,,,,,,,,,,,,,,,,,,,,,,,,,,,,,,,,,,0
,,,,,,,,,,,,,,,,,,,,,,,,,,,,,,,,,,,,,,,0
,,,,,,,,,,,,,,,,,,,,,,,,,,,,,,,,,,,,,,,0
,,,,,,,,,,,,,,,,,,,,,,,,,,,,,,,,,,,,,,,0
,,,,,,,,,,,,,,,,,,,,,,,,,,,,,,,,,,,,,,,0
,,,,,,,,,,,,,,,,,,,,,,,,,,,,,,,,,,,,,,,0
,,,,,,,,,,,,,,,,,,,,,,,,,,,,,,,,,,,,,,,0
,,,,,,,,,,,,,,,,,,,,,,,,,,,,,,,,,,,,,,,0
,,,,,,,,,,,,,,,,,,,,,,,,,,,,,,,,,,,,,,,0
,,,,,,,,,,,,,,,,,,,,,,,,,,,,,,,,,,,,,,,0
,,,,,,,,,,,,,,,,,,,,,,,,,,,,,,,,,,,,,,,0
,,,,,,,,,,,,,,,,,,,,,,,,,,,,,,,,,,,,,,,0
,,,,,,,,,,,,,,,,,,,,,,,,,,,,,,,,,,,,,,,0
,,,,,,,,,,,,,,,,,,,,,,,,,,,,,,,,,,,,,,,0
,,,,,,,,,,,,,,,,,,,,,,,,,,,,,,,,,,,,,,,0
,,,,,,,,,,,,,,,,,,,,,,,,,,,,,,,,,,,,,,,0
,,,,,,,,,,,,,,,,,,,,,,,,,,,,,,,,,,,,,,,0
,,,,,,,,,,,,,,,,,,,,,,,,,,,,,,,,,,,,,,,0
,,,,,,,,,,,,,,,,,,,,,,,,,,,,,,,,,,,,,,,0
,,,,,,,,,,,,,,,,,,,,,,,,,,,,,,,,,,,,,,,0
,,,,,,,,,,,,,,,,,,,,,,,,,,,,,,,,,,,,,,,0
,,,,,,,,,,,,,,,,,,,,,,,,,,,,,,,,,,,,,,,0
,,,,,,,,,,,,,,,,,,,,,,,,,,,,,,,,,,,,,,,0
,,,,,,,,,,,,,,,,,,,,,,,,,,,,,,,,,,,,,,,0
,,,,,,,,,,,,,,,,,,,,,,,,,,,,,,,,,,,,,,,0
,,,,,,,,,,,,,,,,,,,,,,,,,,,,,,,,,,,,,,,0
,,,,,,,,,,,,,,,,,,,,,,,,,,,,,,,,,,,,,,,0
,,,,,,,,,,,,,,,,,,,,,,,,,,,,,,,,,,,,,,,0
,,,,,,,,,,,,,,,,,,,,,,,,,,,,,,,,,,,,,,,0
,,,,,,,,,,,,,,,,,,,,,,,,,,,,,,,,,,,,,,,0
,,,,,,,,,,,,,,,,,,,,,,,,,,,,,,,,,,,,,,,0
,,,,,,,,,,,,,,,,,,,,,,,,,,,,,,,,,,,,,,,0
,,,,,,,,,,,,,,,,,,,,,,,,,,,,,,,,,,,,,,,0
,,,,,,,,,,,,,,,,,,,,,,,,,,,,,,,,,,,,,,,0
,,,,,,,,,,,,,,,,,,,,,,,,,,,,,,,,,,,,,,,0
,,,,,,,,,,,,,,,,,,,,,,,,,,,,,,,,,,,,,,,0
,,,,,,,,,,,,,,,,,,,,,,,,,,,,,,,,,,,,,,,0
,,,,,,,,,,,,,,,,,,,,,,,,,,,,,,,,,,,,,,,0
,,,,,,,,,,,,,,,,,,,,,,,,,,,,,,,,,,,,,,,0
,,,,,,,,,,,,,,,,,,,,,,,,,,,,,,,,,,,,,,,0
,,,,,,,,,,,,,,,,,,,,,,,,,,,,,,,,,,,,,,,0
,,,,,,,,,,,,,,,,,,,,,,,,,,,,,,,,,,,,,,,0
,,,,,,,,,,,,,,,,,,,,,,,,,,,,,,,,,,,,,,,0
,,,,,,,,,,,,,,,,,,,,,,,,,,,,,,,,,,,,,,,0
,,,,,,,,,,,,,,,,,,,,,,,,,,,,,,,,,,,,,,,0
,,,,,,,,,,,,,,,,,,,,,,,,,,,,,,,,,,,,,,,0
,,,,,,,,,,,,,,,,,,,,,,,,,,,,,,,,,,,,,,,0
,,,,,,,,,,,,,,,,,,,,,,,,,,,,,,,,,,,,,,,0
,,,,,,,,,,,,,,,,,,,,,,,,,,,,,,,,,,,,,,,0
,,,,,,,,,,,,,,,,,,,,,,,,,,,,,,,,,,,,,,,0
,,,,,,,,,,,,,,,,,,,,,,,,,,,,,,,,,,,,,,,0
,,,,,,,,,,,,,,,,,,,,,,,,,,,,,,,,,,,,,,,0
,,,,,,,,,,,,,,,,,,,,,,,,,,,,,,,,,,,,,,,0
,,,,,,,,,,,,,,,,,,,,,,,,,,,,,,,,,,,,,,,0
,,,,,,,,,,,,,,,,,,,,,,,,,,,,,,,,,,,,,,,0
,,,,,,,,,,,,,,,,,,,,,,,,,,,,,,,,,,,,,,,0
,,,,,,,,,,,,,,,,,,,,,,,,,,,,,,,,,,,,,,,0
,,,,,,,,,,,,,,,,,,,,,,,,,,,,,,,,,,,,,,,0
,,,,,,,,,,,,,,,,,,,,,,,,,,,,,,,,,,,,,,,0
,,,,,,,,,,,,,,,,,,,,,,,,,,,,,,,,,,,,,,,0
,,,,,,,,,,,,,,,,,,,,,,,,,,,,,,,,,,,,,,,0
,,,,,,,,,,,,,,,,,,,,,,,,,,,,,,,,,,,,,,,0
,,,,,,,,,,,,,,,,,,,,,,,,,,,,,,,,,,,,,,,0
,,,,,,,,,,,,,,,,,,,,,,,,,,,,,,,,,,,,,,,0
,,,,,,,,,,,,,,,,,,,,,,,,,,,,,,,,,,,,,,,0
,,,,,,,,,,,,,,,,,,,,,,,,,,,,,,,,,,,,,,,0
,,,,,,,,,,,,,,,,,,,,,,,,,,,,,,,,,,,,,,,0
,,,,,,,,,,,,,,,,,,,,,,,,,,,,,,,,,,,,,,,0
,,,,,,,,,,,,,,,,,,,,,,,,,,,,,,,,,,,,,,,0
,,,,,,,,,,,,,,,,,,,,,,,,,,,,,,,,,,,,,,,0
,,,,,,,,,,,,,,,,,,,,,,,,,,,,,,,,,,,,,,,0
,,,,,,,,,,,,,,,,,,,,,,,,,,,,,,,,,,,,,,,0
,,,,,,,,,,,,,,,,,,,,,,,,,,,,,,,,,,,,,,,0
,,,,,,,,,,,,,,,,,,,,,,,,,,,,,,,,,,,,,,,0
,,,,,,,,,,,,,,,,,,,,,,,,,,,,,,,,,,,,,,,0